,population_1,population_2,bias_1_first,bias_1_second,bias_2_first,bias_2_second,pair,divergence
0,0.0,1.0,-0.054476716820273,0.054476716820273,0.054476716820273,-0.054476716820273,0.0,72.05429776591542
1,2.0,3.0,0.17038894188168607,-0.17038894188168607,-0.17038894188168607,0.17038894188168607,1.0,173.38556851807863
2,4.0,5.0,0.09597731219318151,-0.09597731219318151,-0.09597731219318151,0.09597731219318151,2.0,110.92313436643917
3,6.0,7.0,0.11313475768672687,-0.11313475768672687,-0.11313475768672687,0.11313475768672687,3.0,128.96361673640175
4,8.0,9.0,-0.17124486522055352,0.17124486522055352,0.17124486522055352,-0.17124486522055352,4.0,163.74796168133258
5,10.0,11.0,0.136269648904496,-0.136269648904496,-0.136269648904496,0.136269648904496,5.0,152.23793816100584
6,12.0,13.0,-0.24598133846116746,0.24598133846116746,0.24598133846116746,-0.24598133846116746,6.0,202.6699331039831
7,14.0,15.0,-0.13076620942617367,0.13076620942617367,0.13076620942617367,-0.13076620942617367,7.0,159.49909881330552
8,16.0,17.0,-0.00216493268272,0.00216493268272,0.00216493268272,-0.00216493268272,8.0,10.943944182558111
9,18.0,19.0,-0.14996183443196526,0.14996183443196526,0.14996183443196526,-0.14996183443196526,9.0,148.01376588868646
10,20.0,21.0,-0.3717026839144339,0.3717026839144339,0.3717026839144339,-0.3717026839144339,10.0,276.068846695447
11,22.0,23.0,-0.24130302323309163,0.24130302323309163,0.24130302323309163,-0.24130302323309163,11.0,216.579086312355
12,24.0,25.0,-0.2605094805670041,0.2605094805670041,0.2605094805670041,-0.2605094805670041,12.0,219.0421782966411
13,26.0,27.0,-0.0850574043313651,0.0850574043313651,0.0850574043313651,-0.0850574043313651,13.0,128.97704568027544
14,28.0,29.0,-0.08738227894149653,0.08738227894149653,0.08738227894149653,-0.08738227894149653,14.0,104.74686192835603
15,30.0,31.0,0.33693852259873014,-0.33693852259873014,-0.33693852259873014,0.33693852259873014,15.0,261.0422937057257
16,32.0,33.0,-9.580399021319463e-05,9.580399021319463e-05,9.580399021319463e-05,-9.580399021319463e-05,16.0,13.806401186163106
17,34.0,35.0,0.2344918664850063,-0.2344918664850063,-0.2344918664850063,0.2344918664850063,17.0,198.79823203934245
18,36.0,37.0,-0.30543548053632624,0.30543548053632624,0.30543548053632624,-0.30543548053632624,18.0,245.9679239390702
19,38.0,39.0,-0.2899610929650419,0.2899610929650419,0.2899610929650419,-0.2899610929650419,19.0,246.603247966867
20,40.0,41.0,0.1337771754777799,-0.1337771754777799,-0.1337771754777799,0.1337771754777799,20.0,149.27398320499395
21,42.0,43.0,-0.19746610456235622,0.19746610456235622,0.19746610456235622,-0.19746610456235622,21.0,194.6212529080313
22,44.0,45.0,-0.36852124426060984,0.36852124426060984,0.36852124426060984,-0.36852124426060984,22.0,269.19894294397943
23,46.0,47.0,0.06603880268225665,-0.06603880268225665,-0.06603880268225665,0.06603880268225665,23.0,96.79087080028624
24,48.0,49.0,-0.36838639013806374,0.36838639013806374,0.36838639013806374,-0.36838639013806374,24.0,272.3926230156003
25,50.0,51.0,-0.20384094718761672,0.20384094718761672,0.20384094718761672,-0.20384094718761672,25.0,196.53800186526396
26,52.0,53.0,-0.1551540434960332,0.1551540434960332,0.1551540434960332,-0.1551540434960332,26.0,160.0979242965065
27,54.0,55.0,0.29142842048082895,-0.29142842048082895,-0.29142842048082895,0.29142842048082895,27.0,244.63069888849336
28,56.0,57.0,-0.3018066478994397,0.3018066478994397,0.3018066478994397,-0.3018066478994397,28.0,237.77784631472886
29,58.0,59.0,-0.23248376658838465,0.23248376658838465,0.23248376658838465,-0.23248376658838465,29.0,209.01022142782713
30,60.0,61.0,-0.3746382946038096,0.3746382946038096,0.3746382946038096,-0.3746382946038096,30.0,284.85504050325414
31,62.0,63.0,0.03208328598262106,-0.03208328598262106,-0.03208328598262106,0.03208328598262106,31.0,49.66305266136046
32,64.0,65.0,-0.08932156964911347,0.08932156964911347,0.08932156964911347,-0.08932156964911347,32.0,102.64393670802978
33,66.0,67.0,0.10543578563895739,-0.10543578563895739,-0.10543578563895739,0.10543578563895739,33.0,130.34294254799414
34,68.0,69.0,-0.12713653092058025,0.12713653092058025,0.12713653092058025,-0.12713653092058025,34.0,148.58734243010568
35,70.0,71.0,0.19710649441498773,-0.19710649441498773,-0.19710649441498773,0.19710649441498773,35.0,182.35650554250478
36,72.0,73.0,0.23948079648127607,-0.23948079648127607,-0.23948079648127607,0.23948079648127607,36.0,218.83694106663074
37,74.0,75.0,0.10481366853018026,-0.10481366853018026,-0.10481366853018026,0.10481366853018026,37.0,125.5493235029126
38,76.0,77.0,0.20172586023279615,-0.20172586023279615,-0.20172586023279615,0.20172586023279615,38.0,188.07231831217234
39,78.0,79.0,0.007497541565150534,-0.007497541565150534,-0.007497541565150534,0.007497541565150534,39.0,13.062021353638784
40,80.0,81.0,0.1296868065729433,-0.1296868065729433,-0.1296868065729433,0.1296868065729433,40.0,153.39654267824162
41,82.0,83.0,-0.2848010340961744,0.2848010340961744,0.2848010340961744,-0.2848010340961744,41.0,220.86803220819874
42,84.0,85.0,0.03425363450083385,-0.03425363450083385,-0.03425363450083385,0.03425363450083385,42.0,47.93985565355649
43,86.0,87.0,0.23306495193676036,-0.23306495193676036,-0.23306495193676036,0.23306495193676036,43.0,200.6674784734563
44,88.0,89.0,-0.2768166276355616,0.2768166276355616,0.2768166276355616,-0.2768166276355616,44.0,232.68125556518493
45,90.0,91.0,-0.32454114706014403,0.32454114706014403,0.32454114706014403,-0.32454114706014403,45.0,248.13013278260559
46,92.0,93.0,0.19078574352646172,-0.19078574352646172,-0.19078574352646172,0.19078574352646172,46.0,187.32369858889814
47,94.0,95.0,0.006432273828373247,-0.006432273828373247,-0.006432273828373247,0.006432273828373247,47.0,14.594209733007464
48,96.0,97.0,-0.3871005574360664,0.3871005574360664,0.3871005574360664,-0.3871005574360664,48.0,301.2475065433533
49,98.0,99.0,0.2781178748526173,-0.2781178748526173,-0.2781178748526173,0.2781178748526173,49.0,236.92654290410937
50,100.0,101.0,0.0017114117846682153,-0.0017114117846682153,-0.0017114117846682153,0.0017114117846682153,50.0,11.72456048530031
51,102.0,103.0,-0.2061663545335086,0.2061663545335086,0.2061663545335086,-0.2061663545335086,51.0,203.71584252136338
52,104.0,105.0,0.17506705805551015,-0.17506705805551015,-0.17506705805551015,0.17506705805551015,52.0,181.86099641524333
53,106.0,107.0,-0.3654495749565414,0.3654495749565414,0.3654495749565414,-0.3654495749565414,53.0,271.71429234652305
54,108.0,109.0,-0.11714899637686255,0.11714899637686255,0.11714899637686255,-0.11714899637686255,54.0,142.4923424540218
55,110.0,111.0,0.39524562332608004,-0.39524562332608004,-0.39524562332608004,0.39524562332608004,55.0,287.9828767273706
56,112.0,113.0,0.38989671350226496,-0.38989671350226496,-0.38989671350226496,0.38989671350226496,56.0,292.8087603037159
57,114.0,115.0,-0.16590657375349924,0.16590657375349924,0.16590657375349924,-0.16590657375349924,57.0,165.6718037579581
58,116.0,117.0,0.17890556698070648,-0.17890556698070648,-0.17890556698070648,0.17890556698070648,58.0,181.7103774819607
59,118.0,119.0,-0.12376222871925968,0.12376222871925968,0.12376222871925968,-0.12376222871925968,59.0,151.56475919727558
60,120.0,121.0,-0.3364380105956743,0.3364380105956743,0.3364380105956743,-0.3364380105956743,60.0,257.2336568824936
61,122.0,123.0,-0.3404583393954629,0.3404583393954629,0.3404583393954629,-0.3404583393954629,61.0,273.39244450614603
62,124.0,125.0,-0.3772131092771656,0.3772131092771656,0.3772131092771656,-0.3772131092771656,62.0,296.27005991109684
63,126.0,127.0,0.17748335823736894,-0.17748335823736894,-0.17748335823736894,0.17748335823736894,63.0,176.6374035760743
64,128.0,129.0,0.362461699037816,-0.362461699037816,-0.362461699037816,0.362461699037816,64.0,275.80186427637034
65,130.0,131.0,0.3553922164916389,-0.3553922164916389,-0.3553922164916389,0.3553922164916389,65.0,298.06695392610453
66,132.0,133.0,0.17071842817642002,-0.17071842817642002,-0.17071842817642002,0.17071842817642002,66.0,178.38181170850197
67,134.0,135.0,0.3058739482258609,-0.3058739482258609,-0.3058739482258609,0.3058739482258609,67.0,225.73636531571088
68,136.0,137.0,-0.28540618492039943,0.28540618492039943,0.28540618492039943,-0.28540618492039943,68.0,233.49979091542528
69,138.0,139.0,-0.006190228458294922,0.006190228458294922,0.006190228458294922,-0.006190228458294922,69.0,15.44169907248877
70,140.0,141.0,0.02646754891008446,-0.02646754891008446,-0.02646754891008446,0.02646754891008446,70.0,33.23838649731001
71,142.0,143.0,0.07176325706615161,-0.07176325706615161,-0.07176325706615161,0.07176325706615161,71.0,102.49337783880749
72,144.0,145.0,-0.05858620519278723,0.05858620519278723,0.05858620519278723,-0.05858620519278723,72.0,72.83318741923591
73,146.0,147.0,-0.2146642560088548,0.2146642560088548,0.2146642560088548,-0.2146642560088548,73.0,190.7010861282866
74,148.0,149.0,-0.16538091200683544,0.16538091200683544,0.16538091200683544,-0.16538091200683544,74.0,175.24171711724884
75,150.0,151.0,-0.07425563311782896,0.07425563311782896,0.07425563311782896,-0.07425563311782896,75.0,105.24955705362524
76,152.0,153.0,-0.21860008364184172,0.21860008364184172,0.21860008364184172,-0.21860008364184172,76.0,184.76302323311955
77,154.0,155.0,0.3753148761875924,-0.3753148761875924,-0.3753148761875924,0.3753148761875924,77.0,257.86442937584275
78,156.0,157.0,0.21853346057745304,-0.21853346057745304,-0.21853346057745304,0.21853346057745304,78.0,219.9112101964456
79,158.0,159.0,0.21131789980736992,-0.21131789980736992,-0.21131789980736992,0.21131789980736992,79.0,196.50331047258774
80,160.0,161.0,0.04950607409081015,-0.04950607409081015,-0.04950607409081015,0.04950607409081015,80.0,69.07465282189474
81,162.0,163.0,-0.034752170561263895,0.034752170561263895,0.034752170561263895,-0.034752170561263895,81.0,50.81368471177536
82,164.0,165.0,-0.2898388759285839,0.2898388759285839,0.2898388759285839,-0.2898388759285839,82.0,243.9012962008002
83,166.0,167.0,0.12428355139623115,-0.12428355139623115,-0.12428355139623115,0.12428355139623115,83.0,128.58480661490518
84,168.0,169.0,-0.26974253662786307,0.26974253662786307,0.26974253662786307,-0.26974253662786307,84.0,220.6489195633156
85,170.0,171.0,0.23628902270988028,-0.23628902270988028,-0.23628902270988028,0.23628902270988028,85.0,213.42292596634465
86,172.0,173.0,0.08794036116571274,-0.08794036116571274,-0.08794036116571274,0.08794036116571274,86.0,109.61042861854204
87,174.0,175.0,0.2699495430187029,-0.2699495430187029,-0.2699495430187029,0.2699495430187029,87.0,219.86312154426454
88,176.0,177.0,-0.31377306572943137,0.31377306572943137,0.31377306572943137,-0.31377306572943137,88.0,251.36249808693833
89,178.0,179.0,0.24321285972199058,-0.24321285972199058,-0.24321285972199058,0.24321285972199058,89.0,207.40810199096617
90,180.0,181.0,-0.3038134313634984,0.3038134313634984,0.3038134313634984,-0.3038134313634984,90.0,241.83316345426178
91,182.0,183.0,0.2806073504891211,-0.2806073504891211,-0.2806073504891211,0.2806073504891211,91.0,219.9812082898894
92,184.0,185.0,-0.029643984480663188,0.029643984480663188,0.029643984480663188,-0.029643984480663188,92.0,37.49689608004119
93,186.0,187.0,0.23335687686282647,-0.23335687686282647,-0.23335687686282647,0.23335687686282647,93.0,213.73946068147424
94,188.0,189.0,0.3255914767683675,-0.3255914767683675,-0.3255914767683675,0.3255914767683675,94.0,259.7018248471811
95,190.0,191.0,-0.3828732624442447,0.3828732624442447,0.3828732624442447,-0.3828732624442447,95.0,285.6677709783169
96,192.0,193.0,0.3060081212225936,-0.3060081212225936,-0.3060081212225936,0.3060081212225936,96.0,238.47895158664966
97,194.0,195.0,0.302018549543411,-0.302018549543411,-0.302018549543411,0.302018549543411,97.0,245.46367704796307
98,196.0,197.0,0.3683143009463691,-0.3683143009463691,-0.3683143009463691,0.3683143009463691,98.0,274.66856297370026
99,198.0,199.0,-0.0987405556523015,0.0987405556523015,0.0987405556523015,-0.0987405556523015,99.0,124.42738807439613
100,200.0,201.0,-0.38043120767365934,0.38043120767365934,0.38043120767365934,-0.38043120767365934,100.0,269.1286138690601
101,202.0,203.0,-0.15816087370298748,0.15816087370298748,0.15816087370298748,-0.15816087370298748,101.0,156.2066889295742
102,204.0,205.0,-0.39591248088473724,0.39591248088473724,0.39591248088473724,-0.39591248088473724,102.0,296.3490432071696
103,206.0,207.0,-0.036743735357397445,0.036743735357397445,0.036743735357397445,-0.036743735357397445,103.0,50.296729525500105
104,208.0,209.0,0.1984655759466898,-0.1984655759466898,-0.1984655759466898,0.1984655759466898,104.0,193.39779003004827
105,210.0,211.0,-0.39377023671897204,0.39377023671897204,0.39377023671897204,-0.39377023671897204,105.0,272.1596654216198
106,212.0,213.0,-0.31233456503391166,0.31233456503391166,0.31233456503391166,-0.31233456503391166,106.0,241.16479763918937
107,214.0,215.0,0.02866393085311214,-0.02866393085311214,-0.02866393085311214,0.02866393085311214,107.0,45.08146025341831
108,216.0,217.0,-0.39026589424446867,0.39026589424446867,0.39026589424446867,-0.39026589424446867,108.0,279.351085727696
109,218.0,219.0,0.12773444925855615,-0.12773444925855615,-0.12773444925855615,0.12773444925855615,109.0,157.10985718389443
110,220.0,221.0,-0.27260617835623024,0.27260617835623024,0.27260617835623024,-0.27260617835623024,110.0,219.64555835632063
111,222.0,223.0,-0.3464686701710382,0.3464686701710382,0.3464686701710382,-0.3464686701710382,111.0,270.17743884472037
112,224.0,225.0,-0.16724895849306354,0.16724895849306354,0.16724895849306354,-0.16724895849306354,112.0,172.49611999576973
113,226.0,227.0,-0.19100758633540815,0.19100758633540815,0.19100758633540815,-0.19100758633540815,113.0,182.40523935781775
114,228.0,229.0,-0.14594990110433564,0.14594990110433564,0.14594990110433564,-0.14594990110433564,114.0,157.23058883927644
115,230.0,231.0,0.18805037106362388,-0.18805037106362388,-0.18805037106362388,0.18805037106362388,115.0,194.42257079135345
116,232.0,233.0,-0.195685889452378,0.195685889452378,0.195685889452378,-0.195685889452378,116.0,177.94051882740723
117,234.0,235.0,0.2031543664925567,-0.2031543664925567,-0.2031543664925567,0.2031543664925567,117.0,183.41080023139713
118,236.0,237.0,0.24688459240657268,-0.24688459240657268,-0.24688459240657268,0.24688459240657268,118.0,220.56321110556578
119,238.0,239.0,0.34372147116834273,-0.34372147116834273,-0.34372147116834273,0.34372147116834273,119.0,260.41758684391095
120,240.0,241.0,-0.37997726442553975,0.37997726442553975,0.37997726442553975,-0.37997726442553975,120.0,292.5523835800956
121,242.0,243.0,0.2631258926693215,-0.2631258926693215,-0.2631258926693215,0.2631258926693215,121.0,218.82873915356345
122,244.0,245.0,-0.33487780171355974,0.33487780171355974,0.33487780171355974,-0.33487780171355974,122.0,248.6131246516949
123,246.0,247.0,-0.3801179556947988,0.3801179556947988,0.3801179556947988,-0.3801179556947988,123.0,286.13644789462694
124,248.0,249.0,0.26722416576242247,-0.26722416576242247,-0.26722416576242247,0.26722416576242247,124.0,218.22123408791782
125,250.0,251.0,-0.05622811649987003,0.05622811649987003,0.05622811649987003,-0.05622811649987003,125.0,68.49720573149486
126,252.0,253.0,0.2707135108513863,-0.2707135108513863,-0.2707135108513863,0.2707135108513863,126.0,227.55413796534782
127,254.0,255.0,-0.2132389285561562,0.2132389285561562,0.2132389285561562,-0.2132389285561562,127.0,203.70278437674597
128,256.0,257.0,-0.17936410771625272,0.17936410771625272,0.17936410771625272,-0.17936410771625272,128.0,182.28477391196392
129,258.0,259.0,0.3016838099054576,-0.3016838099054576,-0.3016838099054576,0.3016838099054576,129.0,245.0350567314361
130,260.0,261.0,0.393409188126717,-0.393409188126717,-0.393409188126717,0.393409188126717,130.0,280.43441179937497
131,262.0,263.0,-0.2877768785560519,0.2877768785560519,0.2877768785560519,-0.2877768785560519,131.0,224.63358507647976
132,264.0,265.0,-0.02271161070890021,0.02271161070890021,0.02271161070890021,-0.02271161070890021,132.0,35.99601392616194
133,266.0,267.0,0.20981085144660538,-0.20981085144660538,-0.20981085144660538,0.20981085144660538,133.0,204.82237422018125
134,268.0,269.0,-0.31149554591493944,0.31149554591493944,0.31149554591493944,-0.31149554591493944,134.0,228.20331283770102
135,270.0,271.0,0.03485797876520563,-0.03485797876520563,-0.03485797876520563,0.03485797876520563,135.0,53.51733153524159
136,272.0,273.0,0.35179427702359756,-0.35179427702359756,-0.35179427702359756,0.35179427702359756,136.0,267.3244327101133
137,274.0,275.0,-0.018347029191407682,0.018347029191407682,0.018347029191407682,-0.018347029191407682,137.0,24.845815406220105
138,276.0,277.0,-0.02748587934279012,0.02748587934279012,0.02748587934279012,-0.02748587934279012,138.0,33.74327346030104
139,278.0,279.0,-0.37702461838052514,0.37702461838052514,0.37702461838052514,-0.37702461838052514,139.0,277.35601906025863
140,280.0,281.0,0.28580009434588427,-0.28580009434588427,-0.28580009434588427,0.28580009434588427,140.0,261.01793867603095
141,282.0,283.0,0.2868608764888687,-0.2868608764888687,-0.2868608764888687,0.2868608764888687,141.0,226.25589629089504
142,284.0,285.0,0.0013064158395622028,-0.0013064158395622028,-0.0013064158395622028,0.0013064158395622028,142.0,13.778242052640334
143,286.0,287.0,0.30334951596577,-0.30334951596577,-0.30334951596577,0.30334951596577,143.0,244.3569868314409
144,288.0,289.0,0.18855274386153864,-0.18855274386153864,-0.18855274386153864,0.18855274386153864,144.0,173.034378550073
145,290.0,291.0,0.3439286844053524,-0.3439286844053524,-0.3439286844053524,0.3439286844053524,145.0,268.8898629590404
146,292.0,293.0,0.21202203450882906,-0.21202203450882906,-0.21202203450882906,0.21202203450882906,146.0,193.962067424825
147,294.0,295.0,-0.3922619116933221,0.3922619116933221,0.3922619116933221,-0.3922619116933221,147.0,292.0252353301768
148,296.0,297.0,-0.34137568033887944,0.34137568033887944,0.34137568033887944,-0.34137568033887944,148.0,251.05505993503894
149,298.0,299.0,0.025993165997861223,-0.025993165997861223,-0.025993165997861223,0.025993165997861223,149.0,40.43806507307008
150,300.0,301.0,-0.06952265914823241,0.06952265914823241,0.06952265914823241,-0.06952265914823241,150.0,91.02444115607501
151,302.0,303.0,-0.10628505236021762,0.10628505236021762,0.10628505236021762,-0.10628505236021762,151.0,133.51617858849175
152,304.0,305.0,0.21520553914912277,-0.21520553914912277,-0.21520553914912277,0.21520553914912277,152.0,196.53322777801455
153,306.0,307.0,-0.33224155393026056,0.33224155393026056,0.33224155393026056,-0.33224155393026056,153.0,255.79576182900564
154,308.0,309.0,0.15030380225385875,-0.15030380225385875,-0.15030380225385875,0.15030380225385875,154.0,160.76309418598254
155,310.0,311.0,-0.2265591579743747,0.2265591579743747,0.2265591579743747,-0.2265591579743747,155.0,204.8900183954704
156,312.0,313.0,0.3808911205756812,-0.3808911205756812,-0.3808911205756812,0.3808911205756812,156.0,270.2804549890178
157,314.0,315.0,-0.039809809210838765,0.039809809210838765,0.039809809210838765,-0.039809809210838765,157.0,49.72070296561917
158,316.0,317.0,-0.38981566884653507,0.38981566884653507,0.38981566884653507,-0.38981566884653507,158.0,284.73973558863884
159,318.0,319.0,0.2683025034091563,-0.2683025034091563,-0.2683025034091563,0.2683025034091563,159.0,226.91656011669602
160,320.0,321.0,0.03226427738696147,-0.03226427738696147,-0.03226427738696147,0.03226427738696147,160.0,44.85599895898535
161,322.0,323.0,0.24250934061327678,-0.24250934061327678,-0.24250934061327678,0.24250934061327678,161.0,208.9388996892199
162,324.0,325.0,0.12381911936501833,-0.12381911936501833,-0.12381911936501833,0.12381911936501833,162.0,147.1208822324551
163,326.0,327.0,-0.23057757849018978,0.23057757849018978,0.23057757849018978,-0.23057757849018978,163.0,192.90034695477547
164,328.0,329.0,0.019423254992200767,-0.019423254992200767,-0.019423254992200767,0.019423254992200767,164.0,30.918325900741088
165,330.0,331.0,0.1921006277082199,-0.1921006277082199,-0.1921006277082199,0.1921006277082199,165.0,181.40601668095107
166,332.0,333.0,-0.33199462906126675,0.33199462906126675,0.33199462906126675,-0.33199462906126675,166.0,242.4487106501796
167,334.0,335.0,-0.3232420541344112,0.3232420541344112,0.3232420541344112,-0.3232420541344112,167.0,254.02915389739405
168,336.0,337.0,-0.21735488192319785,0.21735488192319785,0.21735488192319785,-0.21735488192319785,168.0,201.80602286833022
169,338.0,339.0,0.12210105436352492,-0.12210105436352492,-0.12210105436352492,0.12210105436352492,169.0,141.3453101332761
170,340.0,341.0,-0.0656250981876364,0.0656250981876364,0.0656250981876364,-0.0656250981876364,170.0,71.0932375747511
171,342.0,343.0,0.016987025742249418,-0.016987025742249418,-0.016987025742249418,0.016987025742249418,171.0,27.37456454467632
172,344.0,345.0,0.37941146229181766,-0.37941146229181766,-0.37941146229181766,0.37941146229181766,172.0,274.6408716559815
173,346.0,347.0,-0.03687679621679507,0.03687679621679507,0.03687679621679507,-0.03687679621679507,173.0,53.66144477548194
174,348.0,349.0,-0.2861739739052772,0.2861739739052772,0.2861739739052772,-0.2861739739052772,174.0,237.6906624757818
175,350.0,351.0,-0.26518494171423546,0.26518494171423546,0.26518494171423546,-0.26518494171423546,175.0,220.9607861027413
176,352.0,353.0,-0.01685502509633502,0.01685502509633502,0.01685502509633502,-0.01685502509633502,176.0,19.94565223152833
177,354.0,355.0,-0.1899343240650848,0.1899343240650848,0.1899343240650848,-0.1899343240650848,177.0,177.8798893191625
178,356.0,357.0,-0.2632206259661126,0.2632206259661126,0.2632206259661126,-0.2632206259661126,178.0,218.29069921475312
179,358.0,359.0,0.19886441063894822,-0.19886441063894822,-0.19886441063894822,0.19886441063894822,179.0,189.41658406981725
180,360.0,361.0,0.12015690469359241,-0.12015690469359241,-0.12015690469359241,0.12015690469359241,180.0,151.3191166417599
181,362.0,363.0,0.17980879700412833,-0.17980879700412833,-0.17980879700412833,0.17980879700412833,181.0,170.17347476066323
182,364.0,365.0,-0.308596515686195,0.308596515686195,0.308596515686195,-0.308596515686195,182.0,251.29811076318862
183,366.0,367.0,0.3157662330246651,-0.3157662330246651,-0.3157662330246651,0.3157662330246651,183.0,242.5482591646804
184,368.0,369.0,-0.3969504981199335,0.3969504981199335,0.3969504981199335,-0.3969504981199335,184.0,295.13905867538
185,370.0,371.0,0.3467149380606783,-0.3467149380606783,-0.3467149380606783,0.3467149380606783,185.0,281.121028949845
186,372.0,373.0,-0.3047736275148534,0.3047736275148534,0.3047736275148534,-0.3047736275148534,186.0,247.13462805777334
187,374.0,375.0,-0.0616247425935848,0.0616247425935848,0.0616247425935848,-0.0616247425935848,187.0,78.88290265165662
188,376.0,377.0,0.19039895108131033,-0.19039895108131033,-0.19039895108131033,0.19039895108131033,188.0,190.84185075950117
189,378.0,379.0,-0.1155097565586431,0.1155097565586431,0.1155097565586431,-0.1155097565586431,189.0,134.41978500736235
190,380.0,381.0,0.27882147867653084,-0.27882147867653084,-0.27882147867653084,0.27882147867653084,190.0,223.3280396614392
191,382.0,383.0,-0.1373666761226578,0.1373666761226578,0.1373666761226578,-0.1373666761226578,191.0,158.6310373163296
192,384.0,385.0,-0.18045951268631377,0.18045951268631377,0.18045951268631377,-0.18045951268631377,192.0,186.51791060947488
193,386.0,387.0,-0.21139429919543293,0.21139429919543293,0.21139429919543293,-0.21139429919543293,193.0,191.0208224820545
194,388.0,389.0,0.38285793211359853,-0.38285793211359853,-0.38285793211359853,0.38285793211359853,194.0,280.9632615575879
195,390.0,391.0,0.17294505978368524,-0.17294505978368524,-0.17294505978368524,0.17294505978368524,195.0,168.61674780504552
196,392.0,393.0,-0.22176039426250727,0.22176039426250727,0.22176039426250727,-0.22176039426250727,196.0,197.13288411644626
197,394.0,395.0,0.06906641439878519,-0.06906641439878519,-0.06906641439878519,0.06906641439878519,197.0,90.11056926469777
198,396.0,397.0,0.12789761689756518,-0.12789761689756518,-0.12789761689756518,0.12789761689756518,198.0,141.03604676077376
199,398.0,399.0,-0.13666322373292755,0.13666322373292755,0.13666322373292755,-0.13666322373292755,199.0,149.93573857339987
200,400.0,401.0,0.1783817554597128,-0.1783817554597128,-0.1783817554597128,0.1783817554597128,200.0,163.91677293246812
201,402.0,403.0,0.17174579879397722,-0.17174579879397722,-0.17174579879397722,0.17174579879397722,201.0,175.04205692697542
202,404.0,405.0,-0.33246714428343777,0.33246714428343777,0.33246714428343777,-0.33246714428343777,202.0,253.24225362669353
203,406.0,407.0,-0.013716958473715735,0.013716958473715735,0.013716958473715735,-0.013716958473715735,203.0,19.71077797948292
204,408.0,409.0,-0.3192398844984661,0.3192398844984661,0.3192398844984661,-0.3192398844984661,204.0,260.1512467667015
205,410.0,411.0,-0.11066893781356812,0.11066893781356812,0.11066893781356812,-0.11066893781356812,205.0,151.93487624516843
206,412.0,413.0,0.10888794822022618,-0.10888794822022618,-0.10888794822022618,0.10888794822022618,206.0,124.70782076563992
207,414.0,415.0,0.13327471786174394,-0.13327471786174394,-0.13327471786174394,0.13327471786174394,207.0,142.05683312202885
208,416.0,417.0,0.2870102657367717,-0.2870102657367717,-0.2870102657367717,0.2870102657367717,208.0,236.78621964976406
209,418.0,419.0,0.01910043430254227,-0.01910043430254227,-0.01910043430254227,0.01910043430254227,209.0,18.99078373001637
210,420.0,421.0,0.3779760431465896,-0.3779760431465896,-0.3779760431465896,0.3779760431465896,210.0,290.1661460450624
211,422.0,423.0,-0.18286084739641392,0.18286084739641392,0.18286084739641392,-0.18286084739641392,211.0,180.94539592559786
212,424.0,425.0,-0.35993568107952917,0.35993568107952917,0.35993568107952917,-0.35993568107952917,212.0,259.5916530077651
213,426.0,427.0,-0.3437021708138267,0.3437021708138267,0.3437021708138267,-0.3437021708138267,213.0,265.02526967696826
214,428.0,429.0,0.3754219959474674,-0.3754219959474674,-0.3754219959474674,0.3754219959474674,214.0,275.121630127112
215,430.0,431.0,-0.23519359573425025,0.23519359573425025,0.23519359573425025,-0.23519359573425025,215.0,223.10882323885895
216,432.0,433.0,-0.27834982692983284,0.27834982692983284,0.27834982692983284,-0.27834982692983284,216.0,231.7974920772363
217,434.0,435.0,-0.3978825655317483,0.3978825655317483,0.3978825655317483,-0.3978825655317483,217.0,279.24760395525556
218,436.0,437.0,0.060444547452568,-0.060444547452568,-0.060444547452568,0.060444547452568,218.0,76.57273678708619
219,438.0,439.0,-0.18911633456967503,0.18911633456967503,0.18911633456967503,-0.18911633456967503,219.0,181.35638936594563
220,440.0,441.0,-0.3102402884939916,0.3102402884939916,0.3102402884939916,-0.3102402884939916,220.0,249.14551740460433
221,442.0,443.0,0.2055430153911857,-0.2055430153911857,-0.2055430153911857,0.2055430153911857,221.0,201.05208532263367
222,444.0,445.0,0.3684199446248283,-0.3684199446248283,-0.3684199446248283,0.3684199446248283,222.0,281.73275524850476
223,446.0,447.0,0.38264637771145416,-0.38264637771145416,-0.38264637771145416,0.38264637771145416,223.0,277.21920639830694
224,448.0,449.0,0.13582676753405964,-0.13582676753405964,-0.13582676753405964,0.13582676753405964,224.0,141.1351902596998
225,450.0,451.0,-0.1065431205716924,0.1065431205716924,0.1065431205716924,-0.1065431205716924,225.0,132.04870242230294
226,452.0,453.0,0.31941984979282234,-0.31941984979282234,-0.31941984979282234,0.31941984979282234,226.0,253.7320612265783
227,454.0,455.0,0.05144881921818134,-0.05144881921818134,-0.05144881921818134,0.05144881921818134,227.0,74.1746612862078
228,456.0,457.0,-0.3767196045525582,0.3767196045525582,0.3767196045525582,-0.3767196045525582,228.0,264.7710339639837
229,458.0,459.0,0.157969876793442,-0.157969876793442,-0.157969876793442,0.157969876793442,229.0,170.9504831332938
230,460.0,461.0,0.11444548716836844,-0.11444548716836844,-0.11444548716836844,0.11444548716836844,230.0,138.9359246801358
231,462.0,463.0,0.24680297958113706,-0.24680297958113706,-0.24680297958113706,0.24680297958113706,231.0,215.81305043014572
232,464.0,465.0,-0.25458423257977847,0.25458423257977847,0.25458423257977847,-0.25458423257977847,232.0,217.32431418609812
233,466.0,467.0,-0.32373594312587906,0.32373594312587906,0.32373594312587906,-0.32373594312587906,233.0,253.7295201698211
234,468.0,469.0,0.3372104215980397,-0.3372104215980397,-0.3372104215980397,0.3372104215980397,234.0,247.02716144752253
235,470.0,471.0,-0.18355822557798113,0.18355822557798113,0.18355822557798113,-0.18355822557798113,235.0,185.85166148033906
236,472.0,473.0,0.2465310211536983,-0.2465310211536983,-0.2465310211536983,0.2465310211536983,236.0,208.86343385437868
237,474.0,475.0,0.25161664141830964,-0.25161664141830964,-0.25161664141830964,0.25161664141830964,237.0,219.1236099886541
238,476.0,477.0,0.006014758332504921,-0.006014758332504921,-0.006014758332504921,0.006014758332504921,238.0,17.451374642490546
239,478.0,479.0,0.25811347940319906,-0.25811347940319906,-0.25811347940319906,0.25811347940319906,239.0,211.81048956418311
240,480.0,481.0,-0.024952175570777613,0.024952175570777613,0.024952175570777613,-0.024952175570777613,240.0,34.205240625602094
241,482.0,483.0,-0.3929323574295963,0.3929323574295963,0.3929323574295963,-0.3929323574295963,241.0,279.39271680879176
242,484.0,485.0,-0.3831998649870678,0.3831998649870678,0.3831998649870678,-0.3831998649870678,242.0,287.0322144913664
243,486.0,487.0,-0.12673301478202392,0.12673301478202392,0.12673301478202392,-0.12673301478202392,243.0,135.59540098292055
244,488.0,489.0,0.025230289742916412,-0.025230289742916412,-0.025230289742916412,0.025230289742916412,244.0,33.9934836282919
245,490.0,491.0,-0.0931774181909174,0.0931774181909174,0.0931774181909174,-0.0931774181909174,245.0,114.04545372902666
246,492.0,493.0,-0.15185232009785335,0.15185232009785335,0.15185232009785335,-0.15185232009785335,246.0,158.47354980382428
247,494.0,495.0,0.21037067314755908,-0.21037067314755908,-0.21037067314755908,0.21037067314755908,247.0,196.65875442944113
248,496.0,497.0,0.3249409083238698,-0.3249409083238698,-0.3249409083238698,0.3249409083238698,248.0,248.6805780071683
249,498.0,499.0,-0.22016308694120534,0.22016308694120534,0.22016308694120534,-0.22016308694120534,249.0,202.569649813505
250,500.0,501.0,0.24356394681997717,-0.24356394681997717,-0.24356394681997717,0.24356394681997717,250.0,206.69578366069896
251,502.0,503.0,-0.32650832071644365,0.32650832071644365,0.32650832071644365,-0.32650832071644365,251.0,246.96522331421232
252,504.0,505.0,-0.03888497587112916,0.03888497587112916,0.03888497587112916,-0.03888497587112916,252.0,62.0151152393242
253,506.0,507.0,0.2089457090750345,-0.2089457090750345,-0.2089457090750345,0.2089457090750345,253.0,190.60043833375767
254,508.0,509.0,-0.24648337598521286,0.24648337598521286,0.24648337598521286,-0.24648337598521286,254.0,203.6015173771488
255,510.0,511.0,0.20011363940765314,-0.20011363940765314,-0.20011363940765314,0.20011363940765314,255.0,191.9385226638602
256,512.0,513.0,0.3599928171829623,-0.3599928171829623,-0.3599928171829623,0.3599928171829623,256.0,270.25026138569905
257,514.0,515.0,0.09541740361279033,-0.09541740361279033,-0.09541740361279033,0.09541740361279033,257.0,118.79356916583485
258,516.0,517.0,0.2241327800392522,-0.2241327800392522,-0.2241327800392522,0.2241327800392522,258.0,204.96205962713353
259,518.0,519.0,0.10581271076310828,-0.10581271076310828,-0.10581271076310828,0.10581271076310828,259.0,141.66575784171715
260,520.0,521.0,0.019922142956517508,-0.019922142956517508,-0.019922142956517508,0.019922142956517508,260.0,35.384317427072475
261,522.0,523.0,0.1271043264964118,-0.1271043264964118,-0.1271043264964118,0.1271043264964118,261.0,154.19829362815204
262,524.0,525.0,-0.007567935478270171,0.007567935478270171,0.007567935478270171,-0.007567935478270171,262.0,17.761031211433373
263,526.0,527.0,0.35383857235222727,-0.35383857235222727,-0.35383857235222727,0.35383857235222727,263.0,276.15786279697824
264,528.0,529.0,0.07299572213540878,-0.07299572213540878,-0.07299572213540878,0.07299572213540878,264.0,90.82839320985818
265,530.0,531.0,-0.3010087958734105,0.3010087958734105,0.3010087958734105,-0.3010087958734105,265.0,236.19181428642437
266,532.0,533.0,-0.18643920727943072,0.18643920727943072,0.18643920727943072,-0.18643920727943072,266.0,193.04118726911824
267,534.0,535.0,0.3182103498581791,-0.3182103498581791,-0.3182103498581791,0.3182103498581791,267.0,264.6320150359413
268,536.0,537.0,-0.16967317468561227,0.16967317468561227,0.16967317468561227,-0.16967317468561227,268.0,173.49944513468114
269,538.0,539.0,-0.3045128015471236,0.3045128015471236,0.3045128015471236,-0.3045128015471236,269.0,228.03998855702417
270,540.0,541.0,0.07054913368185733,-0.07054913368185733,-0.07054913368185733,0.07054913368185733,270.0,96.44603495704786
271,542.0,543.0,-0.21877027154761644,0.21877027154761644,0.21877027154761644,-0.21877027154761644,271.0,190.55648446895606
272,544.0,545.0,0.23234598748732604,-0.23234598748732604,-0.23234598748732604,0.23234598748732604,272.0,188.52587976260003
273,546.0,547.0,-0.04264485478073843,0.04264485478073843,0.04264485478073843,-0.04264485478073843,273.0,65.33334796494651
274,548.0,549.0,-0.21536637121074184,0.21536637121074184,0.21536637121074184,-0.21536637121074184,274.0,196.7516300410556
275,550.0,551.0,-0.01894527462605816,0.01894527462605816,0.01894527462605816,-0.01894527462605816,275.0,26.59517031471257
276,552.0,553.0,-0.1254773718303272,0.1254773718303272,0.1254773718303272,-0.1254773718303272,276.0,155.7673886011984
277,554.0,555.0,-0.19755203147965084,0.19755203147965084,0.19755203147965084,-0.19755203147965084,277.0,195.6570353673505
278,556.0,557.0,0.05783155964951742,-0.05783155964951742,-0.05783155964951742,0.05783155964951742,278.0,66.43589690756683
279,558.0,559.0,0.3690729871881574,-0.3690729871881574,-0.3690729871881574,0.3690729871881574,279.0,284.38558660598244
280,560.0,561.0,-0.31537644437195916,0.31537644437195916,0.31537644437195916,-0.31537644437195916,280.0,253.9568488068167
281,562.0,563.0,-0.11063165699132238,0.11063165699132238,0.11063165699132238,-0.11063165699132238,281.0,126.37170685116823
282,564.0,565.0,0.3496228851268707,-0.3496228851268707,-0.3496228851268707,0.3496228851268707,282.0,275.43144147092187
283,566.0,567.0,-0.26820059989089184,0.26820059989089184,0.26820059989089184,-0.26820059989089184,283.0,227.9954184327277
284,568.0,569.0,0.243517348844821,-0.243517348844821,-0.243517348844821,0.243517348844821,284.0,218.89884529768906
285,570.0,571.0,-0.1472726444573355,0.1472726444573355,0.1472726444573355,-0.1472726444573355,285.0,156.07559583975836
286,572.0,573.0,-0.052198220133637396,0.052198220133637396,0.052198220133637396,-0.052198220133637396,286.0,70.9067677095865
287,574.0,575.0,-0.30261256039791695,0.30261256039791695,0.30261256039791695,-0.30261256039791695,287.0,223.88759121396498
288,576.0,577.0,-0.005677331426688137,0.005677331426688137,0.005677331426688137,-0.005677331426688137,288.0,7.2398217433623815
289,578.0,579.0,0.38540566850661007,-0.38540566850661007,-0.38540566850661007,0.38540566850661007,289.0,260.4044075358823
290,580.0,581.0,-0.20507521160652714,0.20507521160652714,0.20507521160652714,-0.20507521160652714,290.0,188.80458415106122
291,582.0,583.0,-0.34148560703910696,0.34148560703910696,0.34148560703910696,-0.34148560703910696,291.0,267.76945826577503
292,584.0,585.0,-0.1190185177549693,0.1190185177549693,0.1190185177549693,-0.1190185177549693,292.0,145.99658365661594
293,586.0,587.0,-0.24458334228675824,0.24458334228675824,0.24458334228675824,-0.24458334228675824,293.0,218.66308734332105
294,588.0,589.0,-0.3480800653989611,0.3480800653989611,0.3480800653989611,-0.3480800653989611,294.0,268.26621194606946
295,590.0,591.0,-0.21858309550614222,0.21858309550614222,0.21858309550614222,-0.21858309550614222,295.0,203.70756438007277
296,592.0,593.0,-0.1443517981657923,0.1443517981657923,0.1443517981657923,-0.1443517981657923,296.0,168.78815692782456
297,594.0,595.0,-0.19985400580594243,0.19985400580594243,0.19985400580594243,-0.19985400580594243,297.0,189.26173206135255
298,596.0,597.0,0.20195388980525208,-0.20195388980525208,-0.20195388980525208,0.20195388980525208,298.0,193.39978931133697
299,598.0,599.0,-0.05758685228080174,0.05758685228080174,0.05758685228080174,-0.05758685228080174,299.0,82.26222280094653
300,600.0,601.0,0.2963725792144002,-0.2963725792144002,-0.2963725792144002,0.2963725792144002,300.0,241.19424112418272
301,602.0,603.0,-0.15023230714586921,0.15023230714586921,0.15023230714586921,-0.15023230714586921,301.0,162.4717503952789
302,604.0,605.0,0.37197659505783054,-0.37197659505783054,-0.37197659505783054,0.37197659505783054,302.0,280.1093780184111
303,606.0,607.0,0.005045803487824241,-0.005045803487824241,-0.005045803487824241,0.005045803487824241,303.0,17.86115271686584
304,608.0,609.0,-0.37339462318074146,0.37339462318074146,0.37339462318074146,-0.37339462318074146,304.0,270.2160161084249
305,610.0,611.0,0.00827096490796625,-0.00827096490796625,-0.00827096490796625,0.00827096490796625,305.0,22.39118669633452
306,612.0,613.0,0.0099177509922998,-0.0099177509922998,-0.0099177509922998,0.0099177509922998,306.0,23.08318440607004
307,614.0,615.0,0.3359427306966434,-0.3359427306966434,-0.3359427306966434,0.3359427306966434,307.0,264.64713257963564
308,616.0,617.0,-0.15090238761201757,0.15090238761201757,0.15090238761201757,-0.15090238761201757,308.0,158.41633848733682
309,618.0,619.0,-0.0009120704026508442,0.0009120704026508442,0.0009120704026508442,-0.0009120704026508442,309.0,12.009648272553815
310,620.0,621.0,-0.05760285429280004,0.05760285429280004,0.05760285429280004,-0.05760285429280004,310.0,80.96203680980643
311,622.0,623.0,-0.2280289014392726,0.2280289014392726,0.2280289014392726,-0.2280289014392726,311.0,201.71121995204734
312,624.0,625.0,-0.09431767944816133,0.09431767944816133,0.09431767944816133,-0.09431767944816133,312.0,112.64190438298866
313,626.0,627.0,0.11298414154044001,-0.11298414154044001,-0.11298414154044001,0.11298414154044001,313.0,128.37900759257124
314,628.0,629.0,0.3299772948921528,-0.3299772948921528,-0.3299772948921528,0.3299772948921528,314.0,258.95205451851086
315,630.0,631.0,0.10521183169273052,-0.10521183169273052,-0.10521183169273052,0.10521183169273052,315.0,124.46185425655976
316,632.0,633.0,0.07277820043481109,-0.07277820043481109,-0.07277820043481109,0.07277820043481109,316.0,90.21660510008272
317,634.0,635.0,0.08566225949826645,-0.08566225949826645,-0.08566225949826645,0.08566225949826645,317.0,100.31602064936833
318,636.0,637.0,0.3964730598610834,-0.3964730598610834,-0.3964730598610834,0.3964730598610834,318.0,291.77887144101976
319,638.0,639.0,-0.31603581229995675,0.31603581229995675,0.31603581229995675,-0.31603581229995675,319.0,262.34141315194046
320,640.0,641.0,-0.18314315013767493,0.18314315013767493,0.18314315013767493,-0.18314315013767493,320.0,187.1601417087254
321,642.0,643.0,0.13549330913748858,-0.13549330913748858,-0.13549330913748858,0.13549330913748858,321.0,154.44449029730222
322,644.0,645.0,0.07517676676883472,-0.07517676676883472,-0.07517676676883472,0.07517676676883472,322.0,103.41389540536775
323,646.0,647.0,-0.30089221434575775,0.30089221434575775,0.30089221434575775,-0.30089221434575775,323.0,243.39029805492117
324,648.0,649.0,0.055474011261667955,-0.055474011261667955,-0.055474011261667955,0.055474011261667955,324.0,76.21928200496032
325,650.0,651.0,-0.21256901285733215,0.21256901285733215,0.21256901285733215,-0.21256901285733215,325.0,190.03604592023902
326,652.0,653.0,-0.319177549665296,0.319177549665296,0.319177549665296,-0.319177549665296,326.0,241.06084309627644
327,654.0,655.0,0.2312321506606524,-0.2312321506606524,-0.2312321506606524,0.2312321506606524,327.0,200.8991256341033
328,656.0,657.0,0.06623331227141477,-0.06623331227141477,-0.06623331227141477,0.06623331227141477,328.0,89.27670556571658
329,658.0,659.0,0.3642476870309612,-0.3642476870309612,-0.3642476870309612,0.3642476870309612,329.0,274.5436229197814
330,660.0,661.0,0.3005783651218571,-0.3005783651218571,-0.3005783651218571,0.3005783651218571,330.0,236.12165111602357
331,662.0,663.0,-0.3154940576457172,0.3154940576457172,0.3154940576457172,-0.3154940576457172,331.0,258.0558976171086
332,664.0,665.0,-0.2016473258951307,0.2016473258951307,0.2016473258951307,-0.2016473258951307,332.0,192.1787268925986
333,666.0,667.0,-0.15504132688170122,0.15504132688170122,0.15504132688170122,-0.15504132688170122,333.0,158.6601329874835
334,668.0,669.0,-0.22168543390823592,0.22168543390823592,0.22168543390823592,-0.22168543390823592,334.0,212.37117136755737
335,670.0,671.0,-0.3228991871160258,0.3228991871160258,0.3228991871160258,-0.3228991871160258,335.0,251.99702760871952
336,672.0,673.0,-0.3582437612011279,0.3582437612011279,0.3582437612011279,-0.3582437612011279,336.0,248.5755232499646
337,674.0,675.0,-0.2943866424152856,0.2943866424152856,0.2943866424152856,-0.2943866424152856,337.0,240.78719756471725
338,676.0,677.0,-0.23528520100095474,0.23528520100095474,0.23528520100095474,-0.23528520100095474,338.0,211.29881695710583
339,678.0,679.0,-0.17112909900361295,0.17112909900361295,0.17112909900361295,-0.17112909900361295,339.0,173.17315827742092
340,680.0,681.0,-0.20492327063282964,0.20492327063282964,0.20492327063282964,-0.20492327063282964,340.0,192.01627985790157
341,682.0,683.0,0.11461133069659324,-0.11461133069659324,-0.11461133069659324,0.11461133069659324,341.0,138.60667142565035
342,684.0,685.0,0.2846481138586535,-0.2846481138586535,-0.2846481138586535,0.2846481138586535,342.0,242.23279957473852
343,686.0,687.0,-0.2489719909309093,0.2489719909309093,0.2489719909309093,-0.2489719909309093,343.0,214.1520637069601
344,688.0,689.0,0.2941860813129312,-0.2941860813129312,-0.2941860813129312,0.2941860813129312,344.0,239.37468299592183
345,690.0,691.0,0.14563770833904832,-0.14563770833904832,-0.14563770833904832,0.14563770833904832,345.0,162.41556401228718
346,692.0,693.0,-0.25032040691254864,0.25032040691254864,0.25032040691254864,-0.25032040691254864,346.0,210.4710553374272
347,694.0,695.0,-0.21718775644729504,0.21718775644729504,0.21718775644729504,-0.21718775644729504,347.0,197.6093205704239
348,696.0,697.0,0.03317026978126636,-0.03317026978126636,-0.03317026978126636,0.03317026978126636,348.0,50.927331268216754
349,698.0,699.0,0.33549464149080543,-0.33549464149080543,-0.33549464149080543,0.33549464149080543,349.0,267.82244135242144
350,700.0,701.0,-0.22660683133331921,0.22660683133331921,0.22660683133331921,-0.22660683133331921,350.0,199.4091126343991
351,702.0,703.0,-0.06589321472396065,0.06589321472396065,0.06589321472396065,-0.06589321472396065,351.0,90.01623320056459
352,704.0,705.0,-0.08936710163349826,0.08936710163349826,0.08936710163349826,-0.08936710163349826,352.0,123.862213763543
353,706.0,707.0,-0.35129850129980983,0.35129850129980983,0.35129850129980983,-0.35129850129980983,353.0,264.76516418627926
354,708.0,709.0,0.32699120050788755,-0.32699120050788755,-0.32699120050788755,0.32699120050788755,354.0,246.5721169986467
355,710.0,711.0,0.3100994715710603,-0.3100994715710603,-0.3100994715710603,0.3100994715710603,355.0,250.27920069116894
356,712.0,713.0,0.05678874087433383,-0.05678874087433383,-0.05678874087433383,0.05678874087433383,356.0,68.33465157408745
357,714.0,715.0,0.02581239853103634,-0.02581239853103634,-0.02581239853103634,0.02581239853103634,357.0,37.86603500431054
358,716.0,717.0,-0.3843641213671554,0.3843641213671554,0.3843641213671554,-0.3843641213671554,358.0,283.00363340505584
359,718.0,719.0,0.28545531532531476,-0.28545531532531476,-0.28545531532531476,0.28545531532531476,359.0,229.0612503350416
360,720.0,721.0,-0.35155273105486223,0.35155273105486223,0.35155273105486223,-0.35155273105486223,360.0,277.16872859493344
361,722.0,723.0,-0.16111940604739658,0.16111940604739658,0.16111940604739658,-0.16111940604739658,361.0,178.08896458580912
362,724.0,725.0,0.21135798043331577,-0.21135798043331577,-0.21135798043331577,0.21135798043331577,362.0,197.7298233062808
363,726.0,727.0,0.04561819709498033,-0.04561819709498033,-0.04561819709498033,0.04561819709498033,363.0,52.649170089816415
364,728.0,729.0,-0.10239416860018408,0.10239416860018408,0.10239416860018408,-0.10239416860018408,364.0,135.8103518899885
365,730.0,731.0,0.3451862767530469,-0.3451862767530469,-0.3451862767530469,0.3451862767530469,365.0,265.3466130540893
366,732.0,733.0,0.05051538529705579,-0.05051538529705579,-0.05051538529705579,0.05051538529705579,366.0,68.0045507194902
367,734.0,735.0,0.3041177702659016,-0.3041177702659016,-0.3041177702659016,0.3041177702659016,367.0,243.58679676330675
368,736.0,737.0,-0.17091828568702738,0.17091828568702738,0.17091828568702738,-0.17091828568702738,368.0,171.42573027989854
369,738.0,739.0,-0.2895893817792911,0.2895893817792911,0.2895893817792911,-0.2895893817792911,369.0,244.21107537339503
370,740.0,741.0,-0.28043921363873947,0.28043921363873947,0.28043921363873947,-0.28043921363873947,370.0,247.48342700025847
371,742.0,743.0,-0.19713783328872747,0.19713783328872747,0.19713783328872747,-0.19713783328872747,371.0,198.23359063729743
372,744.0,745.0,-0.10834079579175065,0.10834079579175065,0.10834079579175065,-0.10834079579175065,372.0,142.11804844034936
373,746.0,747.0,0.3864624609212627,-0.3864624609212627,-0.3864624609212627,0.3864624609212627,373.0,279.74022858669224
374,748.0,749.0,-0.12765587689938224,0.12765587689938224,0.12765587689938224,-0.12765587689938224,374.0,145.42074157812388
375,750.0,751.0,-0.0373730071284018,0.0373730071284018,0.0373730071284018,-0.0373730071284018,375.0,49.7203278601945
376,752.0,753.0,-0.27021886166873743,0.27021886166873743,0.27021886166873743,-0.27021886166873743,376.0,219.91365074522665
377,754.0,755.0,-0.2652493835570951,0.2652493835570951,0.2652493835570951,-0.2652493835570951,377.0,229.47158933292332
378,756.0,757.0,0.13412128986110838,-0.13412128986110838,-0.13412128986110838,0.13412128986110838,378.0,150.74839043780995
379,758.0,759.0,0.39355726135609725,-0.39355726135609725,-0.39355726135609725,0.39355726135609725,379.0,284.6535113536149
380,760.0,761.0,-0.10305721848247551,0.10305721848247551,0.10305721848247551,-0.10305721848247551,380.0,122.42893516859274
381,762.0,763.0,0.3858096258976127,-0.3858096258976127,-0.3858096258976127,0.3858096258976127,381.0,282.13894562612256
382,764.0,765.0,0.3639977205895951,-0.3639977205895951,-0.3639977205895951,0.3639977205895951,382.0,278.69373626035286
383,766.0,767.0,0.3741459494931244,-0.3741459494931244,-0.3741459494931244,0.3741459494931244,383.0,289.57135516638294
384,768.0,769.0,0.327805590662371,-0.327805590662371,-0.327805590662371,0.327805590662371,384.0,262.1506660317367
385,770.0,771.0,-0.03129153659014711,0.03129153659014711,0.03129153659014711,-0.03129153659014711,385.0,37.23074403830806
386,772.0,773.0,-0.1813921600258068,0.1813921600258068,0.1813921600258068,-0.1813921600258068,386.0,172.1073968896308
387,774.0,775.0,-0.036533701012513464,0.036533701012513464,0.036533701012513464,-0.036533701012513464,387.0,54.27928451648146
388,776.0,777.0,0.17273170488483092,-0.17273170488483092,-0.17273170488483092,0.17273170488483092,388.0,168.48912166765132
389,778.0,779.0,-0.08079620260071135,0.08079620260071135,0.08079620260071135,-0.08079620260071135,389.0,113.62953197771358
390,780.0,781.0,0.19117681789604413,-0.19117681789604413,-0.19117681789604413,0.19117681789604413,390.0,190.73056385525078
391,782.0,783.0,-0.2536219880005316,0.2536219880005316,0.2536219880005316,-0.2536219880005316,391.0,207.38905584138098
392,784.0,785.0,0.05536743370752434,-0.05536743370752434,-0.05536743370752434,0.05536743370752434,392.0,86.17844843894973
393,786.0,787.0,-0.3277023997982699,0.3277023997982699,0.3277023997982699,-0.3277023997982699,393.0,239.37729051981896
394,788.0,789.0,0.08048556253285255,-0.08048556253285255,-0.08048556253285255,0.08048556253285255,394.0,113.54541615997945
395,790.0,791.0,-0.15021830663761318,0.15021830663761318,0.15021830663761318,-0.15021830663761318,395.0,178.69283076244733
396,792.0,793.0,-0.13900248473905163,0.13900248473905163,0.13900248473905163,-0.13900248473905163,396.0,154.46800040904998
397,794.0,795.0,-0.2123525234845027,0.2123525234845027,0.2123525234845027,-0.2123525234845027,397.0,208.69738486187686
398,796.0,797.0,-0.07351317498773141,0.07351317498773141,0.07351317498773141,-0.07351317498773141,398.0,100.8300454135597
399,798.0,799.0,0.10270177495561583,-0.10270177495561583,-0.10270177495561583,0.10270177495561583,399.0,129.73715920543648
400,800.0,801.0,0.3326948762391726,-0.3326948762391726,-0.3326948762391726,0.3326948762391726,400.0,255.45513401552702
401,802.0,803.0,-0.315439462702701,0.315439462702701,0.315439462702701,-0.315439462702701,401.0,250.60765150930473
402,804.0,805.0,0.24539035338292614,-0.24539035338292614,-0.24539035338292614,0.24539035338292614,402.0,189.83964138658007
403,806.0,807.0,0.35114397801508956,-0.35114397801508956,-0.35114397801508956,0.35114397801508956,403.0,266.6013288373666
404,808.0,809.0,0.1280369164628803,-0.1280369164628803,-0.1280369164628803,0.1280369164628803,404.0,146.26619573537
405,810.0,811.0,-0.17743270443365092,0.17743270443365092,0.17743270443365092,-0.17743270443365092,405.0,183.36379498216326
406,812.0,813.0,0.3192180924437088,-0.3192180924437088,-0.3192180924437088,0.3192180924437088,406.0,243.98286285485796
407,814.0,815.0,0.21939089720038052,-0.21939089720038052,-0.21939089720038052,0.21939089720038052,407.0,199.141304112932
408,816.0,817.0,-0.04468921780542168,0.04468921780542168,0.04468921780542168,-0.04468921780542168,408.0,61.32261688793299
409,818.0,819.0,-0.009946270518726597,0.009946270518726597,0.009946270518726597,-0.009946270518726597,409.0,21.89345054142589
410,820.0,821.0,0.33268783050264805,-0.33268783050264805,-0.33268783050264805,0.33268783050264805,410.0,244.26195006562108
411,822.0,823.0,0.06836846539917596,-0.06836846539917596,-0.06836846539917596,0.06836846539917596,411.0,81.38194501274994
412,824.0,825.0,0.135262027991911,-0.135262027991911,-0.135262027991911,0.135262027991911,412.0,144.6253238396392
413,826.0,827.0,-0.34532110340903355,0.34532110340903355,0.34532110340903355,-0.34532110340903355,413.0,259.0792940277966
414,828.0,829.0,-0.22779579567471703,0.22779579567471703,0.22779579567471703,-0.22779579567471703,414.0,205.14905370841174
415,830.0,831.0,0.14258545061893368,-0.14258545061893368,-0.14258545061893368,0.14258545061893368,415.0,163.30287187783802
416,832.0,833.0,-0.2106325558362676,0.2106325558362676,0.2106325558362676,-0.2106325558362676,416.0,202.6469243078496
417,834.0,835.0,0.09015511972782075,-0.09015511972782075,-0.09015511972782075,0.09015511972782075,417.0,106.86684870466415
418,836.0,837.0,-0.2312247054678639,0.2312247054678639,0.2312247054678639,-0.2312247054678639,418.0,209.00200652752437
419,838.0,839.0,-0.21774225779287004,0.21774225779287004,0.21774225779287004,-0.21774225779287004,419.0,207.49864255973944
420,840.0,841.0,0.05641583075842849,-0.05641583075842849,-0.05641583075842849,0.05641583075842849,420.0,74.01549897977773
421,842.0,843.0,-0.24481460276508127,0.24481460276508127,0.24481460276508127,-0.24481460276508127,421.0,204.93139334549
422,844.0,845.0,-0.02396161961806953,0.02396161961806953,0.02396161961806953,-0.02396161961806953,422.0,30.033968832866737
423,846.0,847.0,-0.35726211558939336,0.35726211558939336,0.35726211558939336,-0.35726211558939336,423.0,275.13296989742406
424,848.0,849.0,0.20046187715548314,-0.20046187715548314,-0.20046187715548314,0.20046187715548314,424.0,196.07693868168502
425,850.0,851.0,0.08496829521099036,-0.08496829521099036,-0.08496829521099036,0.08496829521099036,425.0,98.05552225949882
426,852.0,853.0,0.18151486977907783,-0.18151486977907783,-0.18151486977907783,0.18151486977907783,426.0,178.98417246907837
427,854.0,855.0,-0.18073936802753476,0.18073936802753476,0.18073936802753476,-0.18073936802753476,427.0,168.89991977813372
428,856.0,857.0,0.2512414948551076,-0.2512414948551076,-0.2512414948551076,0.2512414948551076,428.0,208.54146055819487
429,858.0,859.0,0.17228263949815703,-0.17228263949815703,-0.17228263949815703,0.17228263949815703,429.0,171.80394168902635
430,860.0,861.0,0.009799850564489065,-0.009799850564489065,-0.009799850564489065,0.009799850564489065,430.0,25.331692806421735
431,862.0,863.0,-0.22084907165330572,0.22084907165330572,0.22084907165330572,-0.22084907165330572,431.0,194.44225625758787
432,864.0,865.0,-0.14905835561144248,0.14905835561144248,0.14905835561144248,-0.14905835561144248,432.0,154.2442884895775
433,866.0,867.0,-0.27865201774888065,0.27865201774888065,0.27865201774888065,-0.27865201774888065,433.0,214.4669835837391
434,868.0,869.0,-0.26817682582784497,0.26817682582784497,0.26817682582784497,-0.26817682582784497,434.0,210.1853354306978
435,870.0,871.0,-0.17551986575513148,0.17551986575513148,0.17551986575513148,-0.17551986575513148,435.0,193.23758072057302
436,872.0,873.0,0.2331219948411397,-0.2331219948411397,-0.2331219948411397,0.2331219948411397,436.0,200.34423302267396
437,874.0,875.0,-0.3918509587203416,0.3918509587203416,0.3918509587203416,-0.3918509587203416,437.0,285.4307987245828
438,876.0,877.0,0.08625850746618946,-0.08625850746618946,-0.08625850746618946,0.08625850746618946,438.0,113.15936348935388
439,878.0,879.0,-0.09660046475948059,0.09660046475948059,0.09660046475948059,-0.09660046475948059,439.0,122.01656646187514
440,880.0,881.0,-0.3333499316106407,0.3333499316106407,0.3333499316106407,-0.3333499316106407,440.0,249.81860086490025
441,882.0,883.0,-0.3946615576208237,0.3946615576208237,0.3946615576208237,-0.3946615576208237,441.0,273.90537566746264
442,884.0,885.0,-0.19825538094328163,0.19825538094328163,0.19825538094328163,-0.19825538094328163,442.0,180.50707900943308
443,886.0,887.0,0.06459636761334764,-0.06459636761334764,-0.06459636761334764,0.06459636761334764,443.0,93.36526229331824
444,888.0,889.0,0.19152972458923334,-0.19152972458923334,-0.19152972458923334,0.19152972458923334,444.0,187.78254870300304
445,890.0,891.0,0.16427208019928774,-0.16427208019928774,-0.16427208019928774,0.16427208019928774,445.0,178.605340940933
446,892.0,893.0,-0.3624723178791223,0.3624723178791223,0.3624723178791223,-0.3624723178791223,446.0,278.4194592440377
447,894.0,895.0,-0.23728868823446617,0.23728868823446617,0.23728868823446617,-0.23728868823446617,447.0,204.25023901025173
448,896.0,897.0,0.3706648752164198,-0.3706648752164198,-0.3706648752164198,0.3706648752164198,448.0,293.96174832707266
449,898.0,899.0,-0.3542351815850484,0.3542351815850484,0.3542351815850484,-0.3542351815850484,449.0,270.30085375236257
450,900.0,901.0,-0.22298334201019365,0.22298334201019365,0.22298334201019365,-0.22298334201019365,450.0,189.54500345430057
451,902.0,903.0,0.0692179800335867,-0.0692179800335867,-0.0692179800335867,0.0692179800335867,451.0,106.20565513352116
452,904.0,905.0,0.27094195715965685,-0.27094195715965685,-0.27094195715965685,0.27094195715965685,452.0,225.2987239216001
453,906.0,907.0,-0.39616968036035866,0.39616968036035866,0.39616968036035866,-0.39616968036035866,453.0,284.8812696187064
454,908.0,909.0,-0.3066815255154737,0.3066815255154737,0.3066815255154737,-0.3066815255154737,454.0,254.7066419753218
455,910.0,911.0,-0.05421588752257034,0.05421588752257034,0.05421588752257034,-0.05421588752257034,455.0,79.99361303033461
456,912.0,913.0,-0.3708601844799039,0.3708601844799039,0.3708601844799039,-0.3708601844799039,456.0,260.6609043654929
457,914.0,915.0,0.1957725901365477,-0.1957725901365477,-0.1957725901365477,0.1957725901365477,457.0,176.3931088617722
458,916.0,917.0,0.3457258194723144,-0.3457258194723144,-0.3457258194723144,0.3457258194723144,458.0,276.80413822516016
459,918.0,919.0,-0.029759173388370364,0.029759173388370364,0.029759173388370364,-0.029759173388370364,459.0,32.17838543599324
460,920.0,921.0,-0.06717145981149031,0.06717145981149031,0.06717145981149031,-0.06717145981149031,460.0,88.3640912216409
461,922.0,923.0,0.23794002153601856,-0.23794002153601856,-0.23794002153601856,0.23794002153601856,461.0,200.19870269929615
462,924.0,925.0,-0.18550717628510363,0.18550717628510363,0.18550717628510363,-0.18550717628510363,462.0,181.92343639756012
463,926.0,927.0,-0.1812819715057267,0.1812819715057267,0.1812819715057267,-0.1812819715057267,463.0,183.16564471396975
464,928.0,929.0,-0.39915176868284247,0.39915176868284247,0.39915176868284247,-0.39915176868284247,464.0,288.5323540720431
465,930.0,931.0,-0.23193351766918655,0.23193351766918655,0.23193351766918655,-0.23193351766918655,465.0,204.00337480903275
466,932.0,933.0,0.23783963094440352,-0.23783963094440352,-0.23783963094440352,0.23783963094440352,466.0,223.7656047641326
467,934.0,935.0,0.33059646592436087,-0.33059646592436087,-0.33059646592436087,0.33059646592436087,467.0,279.6597890177296
468,936.0,937.0,0.16949909774934369,-0.16949909774934369,-0.16949909774934369,0.16949909774934369,468.0,166.92950870036367
469,938.0,939.0,0.036390316659528466,-0.036390316659528466,-0.036390316659528466,0.036390316659528466,469.0,51.44245115489137
470,940.0,941.0,0.003621363578750092,-0.003621363578750092,-0.003621363578750092,0.003621363578750092,470.0,14.219746437923112
471,942.0,943.0,0.3013774236058603,-0.3013774236058603,-0.3013774236058603,0.3013774236058603,471.0,243.16951447989686
472,944.0,945.0,-0.2960679034798971,0.2960679034798971,0.2960679034798971,-0.2960679034798971,472.0,239.77894326629234
473,946.0,947.0,-0.29485013158174456,0.29485013158174456,0.29485013158174456,-0.29485013158174456,473.0,252.8926601182082
474,948.0,949.0,0.35547325025468557,-0.35547325025468557,-0.35547325025468557,0.35547325025468557,474.0,278.92469550375347
475,950.0,951.0,0.1765153932585377,-0.1765153932585377,-0.1765153932585377,0.1765153932585377,475.0,172.05230061626696
476,952.0,953.0,-0.2818784122241256,0.2818784122241256,0.2818784122241256,-0.2818784122241256,476.0,237.97575009825786
477,954.0,955.0,-0.3372647922819878,0.3372647922819878,0.3372647922819878,-0.3372647922819878,477.0,253.32975595420697
478,956.0,957.0,0.07778851573787743,-0.07778851573787743,-0.07778851573787743,0.07778851573787743,478.0,101.71012671086723
479,958.0,959.0,0.2591106888449257,-0.2591106888449257,-0.2591106888449257,0.2591106888449257,479.0,233.25008531438002
480,960.0,961.0,-0.03507406248334127,0.03507406248334127,0.03507406248334127,-0.03507406248334127,480.0,56.78210090861866
481,962.0,963.0,-0.2784439043211908,0.2784439043211908,0.2784439043211908,-0.2784439043211908,481.0,237.92436150302274
482,964.0,965.0,-0.38415412261493664,0.38415412261493664,0.38415412261493664,-0.38415412261493664,482.0,289.01173109722987
483,966.0,967.0,0.07874049989439247,-0.07874049989439247,-0.07874049989439247,0.07874049989439247,483.0,93.62587761533014
484,968.0,969.0,0.03918953116009255,-0.03918953116009255,-0.03918953116009255,0.03918953116009255,484.0,55.06788487291853
485,970.0,971.0,0.15518460974396486,-0.15518460974396486,-0.15518460974396486,0.15518460974396486,485.0,167.05854548708686
486,972.0,973.0,-0.049480935320327823,0.049480935320327823,0.049480935320327823,-0.049480935320327823,486.0,71.7406490377498
487,974.0,975.0,-0.10154063646380396,0.10154063646380396,0.10154063646380396,-0.10154063646380396,487.0,137.18299147575073
488,976.0,977.0,0.002555184517942899,-0.002555184517942899,-0.002555184517942899,0.002555184517942899,488.0,15.030503710473416
489,978.0,979.0,-0.2040786643460516,0.2040786643460516,0.2040786643460516,-0.2040786643460516,489.0,187.87901888282641
490,980.0,981.0,0.24330510192764165,-0.24330510192764165,-0.24330510192764165,0.24330510192764165,490.0,212.54129357998733
491,982.0,983.0,-0.20523983725883613,0.20523983725883613,0.20523983725883613,-0.20523983725883613,491.0,192.16152995837004
492,984.0,985.0,-0.09960171249219368,0.09960171249219368,0.09960171249219368,-0.09960171249219368,492.0,125.32926407853742
493,986.0,987.0,0.1307019174978039,-0.1307019174978039,-0.1307019174978039,0.1307019174978039,493.0,153.80429734901765
494,988.0,989.0,-0.03236697675320854,0.03236697675320854,0.03236697675320854,-0.03236697675320854,494.0,53.746208042852984
495,990.0,991.0,-0.25244119154051703,0.25244119154051703,0.25244119154051703,-0.25244119154051703,495.0,223.72903475734483
496,992.0,993.0,0.37440463276513636,-0.37440463276513636,-0.37440463276513636,0.37440463276513636,496.0,274.01197908477843
497,994.0,995.0,0.3185002680660366,-0.3185002680660366,-0.3185002680660366,0.3185002680660366,497.0,256.5778459071917
498,996.0,997.0,-0.12687632299653934,0.12687632299653934,0.12687632299653934,-0.12687632299653934,498.0,151.12940077615792
499,998.0,999.0,0.35736597537709447,-0.35736597537709447,-0.35736597537709447,0.35736597537709447,499.0,262.30701087932175
